-4.985715,18.91,1.958667,-0.01543334,0.03083016,0.1008005,0.9943091
-4.985715,18.91,1.958667,-0.01543334,0.03083016,0.1008005,0.9943091
-4.983383,18.91709,1.963565,-0.01612512,0.03089495,0.1015582,0.994219
-4.983383,18.91709,1.963565,-0.01612512,0.03089495,0.1015582,0.994219
-4.981619,18.91706,1.965447,-0.01633561,0.03088841,0.1019679,0.9941739
-4.981619,18.91706,1.965447,-0.01633561,0.03088841,0.1019679,0.9941739
-4.983486,18.92605,1.96354,-0.01656911,0.03085677,0.1020318,0.9941644
-4.979147,18.91857,1.961165,-0.01676313,0.03085987,0.1020547,0.9941588
-4.979147,18.91857,1.961165,-0.01676313,0.03085987,0.1020547,0.9941588
-4.976812,18.91564,1.962801,-0.01674101,0.03089739,0.1019991,0.9941636
-4.976812,18.91564,1.962801,-0.01674101,0.03089739,0.1019991,0.9941636
-4.973178,18.91342,1.966812,-0.01701554,0.03089753,0.1021206,0.9941465
-4.971756,18.90956,1.967915,-0.01679634,0.03089354,0.1021102,0.9941515
-4.971756,18.90956,1.967915,-0.01679634,0.03089354,0.1021102,0.9941515
-4.968172,18.89347,1.964271,-0.01623784,0.03090544,0.1018615,0.9941858
-4.968172,18.89347,1.964271,-0.01623784,0.03090544,0.1018615,0.9941858
-4.968301,18.89462,1.960531,-0.01593007,0.03100656,0.1014118,0.9942336
-4.966951,18.89573,1.955624,-0.01623119,0.03106385,0.1012334,0.9942451
-4.966951,18.89573,1.955624,-0.01623119,0.03106385,0.1012334,0.9942451
-4.965975,18.88883,1.950595,-0.01672289,0.03116987,0.1011509,0.9942421
-4.965975,18.88883,1.950595,-0.01672289,0.03116987,0.1011509,0.9942421
-4.967019,18.88008,1.945456,-0.01682012,0.03127993,0.1009175,0.9942607
-4.964747,18.87298,1.939616,-0.01656684,0.03148108,0.1011727,0.9942327
-4.964747,18.87298,1.939616,-0.01656684,0.03148108,0.1011727,0.9942327
-4.97066,18.86563,1.933793,-0.01584349,0.03168075,0.1011508,0.9942403
-4.97066,18.86563,1.933793,-0.01584349,0.03168075,0.1011508,0.9942403
-4.976544,18.85453,1.930575,-0.01490452,0.03183257,0.1006712,0.9942987
-4.981769,18.84259,1.926082,-0.01401257,0.03193876,0.1001001,0.9943659
-4.981769,18.84259,1.926082,-0.01401257,0.03193876,0.1001001,0.9943659
-4.988041,18.83413,1.923684,-0.01304289,0.03205414,0.09937834,0.9944478
-4.988041,18.83413,1.923684,-0.01304289,0.03205414,0.09937834,0.9944478
-4.995609,18.82713,1.921265,-0.01230256,0.03218865,0.09843455,0.9945467
-5.000019,18.81943,1.919612,-0.01215359,0.03225684,0.09751897,0.9946366
-5.000019,18.81943,1.919612,-0.01215359,0.03225684,0.09751897,0.9946366
-5.003511,18.81277,1.919357,-0.01191737,0.03234768,0.0967117,0.9947152
-5.003511,18.81277,1.919357,-0.01191737,0.03234768,0.0967117,0.9947152
-5.00614,18.80804,1.918609,-0.01150056,0.03244468,0.09601149,0.9947848
-5.00217,18.81103,1.916142,-0.01134176,0.03258642,0.09622697,0.9947613
-5.00217,18.81103,1.916142,-0.01134176,0.03258642,0.09622697,0.9947613
-4.996681,18.81621,1.916093,-0.01180784,0.03272862,0.09754381,0.9946229
-4.996681,18.81621,1.916093,-0.01180784,0.03272862,0.09754381,0.9946229
-4.989914,18.82422,1.915131,-0.01235994,0.03300169,0.09920166,0.9944432
-4.980174,18.83176,1.915513,-0.01286945,0.0334608,0.1017214,0.9941668
-4.980174,18.83176,1.915513,-0.01286945,0.0334608,0.1017214,0.9941668
-4.968791,18.83658,1.914764,-0.01342599,0.03398702,0.1041241,0.9938928
-4.968791,18.83658,1.914764,-0.01342599,0.03398702,0.1041241,0.9938928
-4.955404,18.83959,1.90676,-0.01357262,0.03469456,0.1053578,0.9937363
-4.955404,18.83959,1.90676,-0.01357262,0.03469456,0.1053578,0.9937363
-4.937357,18.84811,1.898175,-0.01508511,0.03558719,0.1070073,0.9935067
-4.937357,18.84811,1.898175,-0.01508511,0.03558719,0.1070073,0.9935067
-4.918252,18.85608,1.897023,-0.01536269,0.03650123,0.1084262,0.9933153
-4.918252,18.85608,1.897023,-0.01536269,0.03650123,0.1084262,0.9933153
-4.900341,18.87476,1.899042,-0.01532207,0.03766354,0.1104775,0.9930465
-4.883241,18.8913,1.899129,-0.0155528,0.03901087,0.1113268,0.9928961
-4.883241,18.8913,1.899129,-0.0155528,0.03901087,0.1113268,0.9928961
-4.867761,18.91432,1.890023,-0.01627605,0.04057794,0.1110149,0.9928566
-4.867761,18.91432,1.890023,-0.01627605,0.04057794,0.1110149,0.9928566
-4.854881,18.93441,1.876404,-0.01666936,0.04208501,0.1100103,0.9928992
-4.843235,18.95272,1.863426,-0.01699827,0.04364975,0.1086678,0.9929739
-4.843235,18.95272,1.863426,-0.01699827,0.04364975,0.1086678,0.9929739
-4.830383,18.97844,1.85149,-0.01780693,0.04529733,0.1070036,0.9930667
-4.830383,18.97844,1.85149,-0.01780693,0.04529733,0.1070036,0.9930667
-4.815769,19.00286,1.843959,-0.01867009,0.04721163,0.1058321,0.9930871
-4.80216,19.03315,1.841468,-0.01805227,0.04908879,0.1059606,0.9929939
-4.80216,19.03315,1.841468,-0.01805227,0.04908879,0.1059606,0.9929939
-4.784691,19.06008,1.830066,-0.01916965,0.05187887,0.1019137,0.9932547
-4.784691,19.06008,1.830066,-0.01916965,0.05187887,0.1019137,0.9932547
-4.760885,19.08695,1.817905,-0.01854556,0.05485016,0.1002223,0.993279
-4.760885,19.08695,1.817905,-0.01854556,0.05485016,0.1002223,0.993279
-4.735351,19.1136,1.805768,-0.01722722,0.05818365,0.09920409,0.9932152
-4.709493,19.13663,1.795425,-0.01554407,0.06109887,0.09790496,0.9931969
-4.709493,19.13663,1.795425,-0.01554407,0.06109887,0.09790496,0.9931969
-4.681549,19.15602,1.787241,-0.01524282,0.06373457,0.09568014,0.9932527
-4.681549,19.15602,1.787241,-0.01524282,0.06373457,0.09568014,0.9932527
-4.640044,19.17664,1.80784,-0.01148364,0.06806219,0.1013941,0.992449
-4.609367,19.21954,1.842393,-0.008602747,0.07144868,0.1083017,0.9915099
-4.609367,19.21954,1.842393,-0.008602747,0.07144868,0.1083017,0.9915099
-4.589208,19.27078,1.894734,-0.009263908,0.07278633,0.1084581,0.9913895
-4.589208,19.27078,1.894734,-0.009263908,0.07278633,0.1084581,0.9913895
-4.568597,19.33326,1.946475,-0.01275098,0.07291988,0.1036075,0.9918597
-4.568597,19.33326,1.946475,-0.01275098,0.07291988,0.1036075,0.9918597
-4.548182,19.37935,1.979432,-0.01533796,0.07325942,0.09989243,0.9921792
-4.548182,19.37935,1.979432,-0.01533796,0.07325942,0.09989243,0.9921792
-4.522877,19.41617,2.007379,-0.01715522,0.074031,0.09519848,0.9925535
-4.496618,19.44462,2.027994,-0.01863303,0.07579623,0.08891346,0.9929764
-4.496618,19.44462,2.027994,-0.01863303,0.07579623,0.08891346,0.9929764
-4.479786,19.49333,2.046118,-0.02131986,0.07785925,0.07894047,0.9936054
-4.457278,19.52235,2.056944,-0.024257,0.07855096,0.06741885,0.994332
-4.457278,19.52235,2.056944,-0.024257,0.07855096,0.06741885,0.994332
-4.438196,19.55995,2.067751,-0.02812446,0.07868531,0.05438595,0.9950175
-4.438196,19.55995,2.067751,-0.02812446,0.07868531,0.05438595,0.9950175
-4.424882,19.58384,2.094794,-0.03592689,0.07868696,0.04619502,0.9951802
-4.397641,19.58284,2.107329,-0.04008043,0.08026277,0.03607864,0.9953139
-4.397641,19.58284,2.107329,-0.04008043,0.08026277,0.03607864,0.9953139
-4.359587,19.55943,2.118984,-0.04634738,0.08294728,0.02291813,0.9952118
-4.359587,19.55943,2.118984,-0.04634738,0.08294728,0.02291813,0.9952118
-4.318588,19.53889,2.130699,-0.05637793,0.08427729,0.01292699,0.9947622
-4.26761,19.53659,2.124063,-0.07001573,0.08501766,0.003749871,0.9939094
-4.26761,19.53659,2.124063,-0.07001573,0.08501766,0.003749871,0.9939094
-4.26761,19.53659,2.124063,-0.07001573,0.08501766,0.003749871,0.9939094
-4.173239,19.5967,2.076531,-0.09366261,0.08950623,0.005303883,0.9915583
-4.173239,19.5967,2.076531,-0.09366261,0.08950623,0.005303883,0.9915583
-4.10651,19.54891,2.042488,-0.1028802,0.0940704,0.0161076,0.9901045
-4.10651,19.54891,2.042488,-0.1028802,0.0940704,0.0161076,0.9901045
-4.0811,19.55781,1.98464,-0.1093667,0.09676366,0.02479846,0.9889696
-4.0811,19.55781,1.98464,-0.1093667,0.09676366,0.02479846,0.9889696
-4.064999,19.70507,2.059441,-0.1138402,0.09894305,0.04931024,0.9873294
-4.064999,19.70507,2.059441,-0.1138402,0.09894305,0.04931024,0.9873294
-4.011105,19.83335,2.110051,-0.1173751,0.1027803,0.08315504,0.9842482
-4.011105,19.83335,2.110051,-0.1173751,0.1027803,0.08315504,0.9842482
-3.992059,19.94597,2.086207,-0.1335657,0.104114,0.08577584,0.9818162
-3.992059,19.94597,2.086207,-0.1335657,0.104114,0.08577584,0.9818162
-3.967883,20.12569,2.01405,-0.1616363,0.1085247,0.08103261,0.9775121
-3.967883,20.12569,2.01405,-0.1616363,0.1085247,0.08103261,0.9775121
-3.959905,20.17699,2.020489,-0.1574731,0.111932,0.08218816,0.9777108
-3.821103,20.12169,2.066587,-0.1547489,0.1249052,0.06310908,0.9779922
-3.821103,20.12169,2.066587,-0.1547489,0.1249052,0.06310908,0.9779922
-3.781815,20.19208,2.025701,-0.1660739,0.1244181,0.06899922,0.9757965
-3.781815,20.19208,2.025701,-0.1660739,0.1244181,0.06899922,0.9757965
-3.744499,20.23209,2.010577,-0.1747517,0.1258459,0.06699695,0.9742362
-3.712726,20.30103,1.946383,-0.1976894,0.1261087,0.06273801,0.9700926
-3.712726,20.30103,1.946383,-0.1976894,0.1261087,0.06273801,0.9700926
-3.664133,20.28937,1.868206,-0.2082467,0.1284866,0.0598272,0.9677527
-3.664133,20.28937,1.868206,-0.2082467,0.1284866,0.0598272,0.9677527
-3.616814,20.27179,1.816455,-0.2019446,0.1337643,0.06157206,0.9682636
-3.582782,20.29312,1.79751,-0.195636,0.1372994,0.07378064,0.9682107
-3.582782,20.29312,1.79751,-0.195636,0.1372994,0.07378064,0.9682107
-3.55729,20.34622,1.781923,-0.1967833,0.1382023,0.08437716,0.9669834
-3.55729,20.34622,1.781923,-0.1967833,0.1382023,0.08437716,0.9669834
-3.540433,20.37863,1.716777,-0.2253944,0.1397065,0.09285248,0.9597177
-3.540433,20.37863,1.716777,-0.2253944,0.1397065,0.09285248,0.9597177
-3.538697,20.40251,1.661278,-0.2430157,0.1396731,0.1111175,0.9534609
-3.543943,20.41884,1.621184,-0.2540171,0.1397033,0.1272917,0.9485543
-3.543943,20.41884,1.621184,-0.2540171,0.1397033,0.1272917,0.9485543
-3.558192,20.43953,1.587095,-0.2625482,0.1394059,0.1378394,0.9447935
-3.558192,20.43953,1.587095,-0.2625482,0.1394059,0.1378394,0.9447935
-3.572644,20.44762,1.557222,-0.2668287,0.1385167,0.1381017,0.9436861
-3.583283,20.45471,1.531793,-0.2707134,0.137601,0.1353589,0.9431109
-3.583283,20.45471,1.531793,-0.2707134,0.137601,0.1353589,0.9431109
-3.585656,20.45163,1.504953,-0.2725559,0.1376512,0.1305247,0.9432544
-3.585656,20.45163,1.504953,-0.2725559,0.1376512,0.1305247,0.9432544
-3.586758,20.44286,1.47989,-0.2735926,0.1377044,0.1261144,0.9435464
-3.58806,20.43511,1.452804,-0.2742124,0.1377825,0.1234666,0.9437053
-3.58806,20.43511,1.452804,-0.2742124,0.1377825,0.1234666,0.9437053
-3.587725,20.41543,1.433111,-0.2746784,0.1372061,0.1200258,0.9440975
-3.587725,20.41543,1.433111,-0.2746784,0.1372061,0.1200258,0.9440975
-3.587175,20.36593,1.414621,-0.2724295,0.1366019,0.1148051,0.9454851
-3.587267,20.32774,1.399823,-0.271098,0.1364153,0.1116694,0.9462699
-3.587267,20.32774,1.399823,-0.271098,0.1364153,0.1116694,0.9462699
-3.583058,20.27011,1.397174,-0.2691752,0.1358348,0.1095878,0.9471453
-3.583058,20.27011,1.397174,-0.2691752,0.1358348,0.1095878,0.9471453
-3.579313,20.21227,1.40036,-0.2658248,0.1354248,0.1081355,0.9483165
-3.579313,20.21227,1.40036,-0.2658248,0.1354248,0.1081355,0.9483165
-3.567215,20.13783,1.405111,-0.2624599,0.1358584,0.1087284,0.9491235
-3.567215,20.13783,1.405111,-0.2624599,0.1358584,0.1087284,0.9491235
-3.565063,20.09305,1.407415,-0.259432,0.1363403,0.1108338,0.9496432
-3.565419,20.05872,1.409405,-0.2569981,0.1367738,0.1125924,0.9500358
-3.565419,20.05872,1.409405,-0.2569981,0.1367738,0.1125924,0.9500358
-3.565804,20.03022,1.411019,-0.254387,0.1375111,0.1133666,0.9505398
-3.565804,20.03022,1.411019,-0.254387,0.1375111,0.1133666,0.9505398
-3.566629,20.01398,1.413985,-0.2534633,0.1382161,0.1140978,0.9505969
-3.566043,20.00034,1.416405,-0.2528502,0.1387443,0.1154252,0.950523
-3.566043,20.00034,1.416405,-0.2528502,0.1387443,0.1154252,0.950523
-3.564661,19.98894,1.418257,-0.2530374,0.1392101,0.1179855,0.9500906
-3.564661,19.98894,1.418257,-0.2530374,0.1392101,0.1179855,0.9500906
-3.561029,19.96935,1.421788,-0.2519105,0.1394591,0.1182123,0.9503253
-3.555619,19.95784,1.428389,-0.2511855,0.1396411,0.114891,0.9508976
-3.555619,19.95784,1.428389,-0.2511855,0.1396411,0.114891,0.9508976
-3.551388,19.94719,1.434086,-0.2500161,0.1397393,0.1131482,0.9514002
-3.551388,19.94719,1.434086,-0.2500161,0.1397393,0.1131482,0.9514002
-3.552316,19.92811,1.439719,-0.2489417,0.1395121,0.1101388,0.9520683
-3.555702,19.91561,1.443117,-0.2478817,0.1395096,0.1084839,0.952535
-3.555702,19.91561,1.443117,-0.2478817,0.1395096,0.1084839,0.952535
-3.560497,19.90615,1.450749,-0.247878,0.1392208,0.1082368,0.9526064
-3.560497,19.90615,1.450749,-0.247878,0.1392208,0.1082368,0.9526064
-3.567041,19.89744,1.463828,-0.2463862,0.1387883,0.1075995,0.9531285
-3.570379,19.88264,1.479614,-0.2442039,0.1383803,0.1053215,0.9540036
-3.570379,19.88264,1.479614,-0.2442039,0.1383803,0.1053215,0.9540036
-3.57251,19.86189,1.497095,-0.2432475,0.1378027,0.100536,0.9548474
-3.57251,19.86189,1.497095,-0.2432475,0.1378027,0.100536,0.9548474
-3.57294,19.84319,1.516655,-0.2427375,0.1369183,0.09521056,0.95565
-3.576251,19.81495,1.542054,-0.2398031,0.1356224,0.08538052,0.9575026
-3.576251,19.81495,1.542054,-0.2398031,0.1356224,0.08538052,0.9575026
-3.571174,19.79279,1.60678,-0.2166516,0.1359128,0.06945913,0.9642434
-3.571174,19.79279,1.60678,-0.2166516,0.1359128,0.06945913,0.9642434
-3.566539,19.82816,1.69753,-0.1988864,0.1348877,0.06392095,0.9685885
-3.559478,19.8122,1.790097,-0.1850969,0.1329587,0.05554711,0.9720986
-3.559478,19.8122,1.790097,-0.1850969,0.1329587,0.05554711,0.9720986
-3.539531,19.79341,1.881513,-0.1840918,0.1280938,0.05883174,0.9727492
-3.539531,19.79341,1.881513,-0.1840918,0.1280938,0.05883174,0.9727492
-3.535131,19.72736,1.951756,-0.1687316,0.1240005,0.0476967,0.9766671
-3.532988,19.6616,2.003539,-0.146678,0.1242836,0.0505193,0.9800444
-3.532988,19.6616,2.003539,-0.146678,0.1242836,0.0505193,0.9800444
-3.590973,19.61571,2.001804,-0.1244305,0.1229824,0.07161669,0.9819692
-3.590973,19.61571,2.001804,-0.1244305,0.1229824,0.07161669,0.9819692
-3.692303,19.65101,1.945501,-0.1155271,0.1194331,0.09703522,0.9813122
-3.741738,19.60704,1.954583,-0.1003406,0.1161117,0.09342768,0.9837282
-3.741738,19.60704,1.954583,-0.1003406,0.1161117,0.09342768,0.9837282
-3.842476,19.65122,1.945673,-0.09718027,0.1024929,0.09817123,0.9850957
-3.842476,19.65122,1.945673,-0.09718027,0.1024929,0.09817123,0.9850957
-3.948942,19.70678,1.930483,-0.09595525,0.08821261,0.1050901,0.985884
-3.817193,19.39982,1.946694,-0.07362674,0.09443414,0.07210899,0.9901826
-3.817193,19.39982,1.946694,-0.07362674,0.09443414,0.07210899,0.9901826
-3.814325,19.09126,1.868502,-0.04770141,0.09353004,0.02003724,0.9942713
-3.814325,19.09126,1.868502,-0.04770141,0.09353004,0.02003724,0.9942713
-3.814325,19.09126,1.868502,-0.04770141,0.09353004,0.02003724,0.9942713
-3.853771,18.87187,1.732969,-0.01499074,0.09582134,0.006520285,0.9952643
-3.881565,18.76499,1.674792,0.003637127,0.09425578,0.02416695,0.9952481
-3.881565,18.76499,1.674792,0.003637127,0.09425578,0.02416695,0.9952481
-3.913642,18.64738,1.673854,0.01401593,0.08908836,0.05711562,0.994286
-3.913642,18.64738,1.673854,0.01401593,0.08908836,0.05711562,0.994286
-3.927718,18.60531,1.666487,0.01324775,0.08819832,0.07091832,0.9934869
-3.927718,18.60531,1.666487,0.01324775,0.08819832,0.07091832,0.9934869
-3.944912,18.56092,1.642316,0.005166641,0.08880434,0.08236537,0.9926243
-3.970688,18.52923,1.592341,-0.006852197,0.09090948,0.09243309,0.9915366
-3.970688,18.52923,1.592341,-0.006852197,0.09090948,0.09243309,0.9915366
-4.002859,18.47603,1.516849,-0.0160444,0.0927057,0.1004787,0.9904808
-4.002859,18.47603,1.516849,-0.0160444,0.0927057,0.1004787,0.9904808
-4.036932,18.41944,1.438963,-0.01852219,0.09378868,0.103456,0.990029
-4.084586,18.34973,1.390664,-0.01535107,0.09401407,0.1018894,0.9902244
-4.084586,18.34973,1.390664,-0.01535107,0.09401407,0.1018894,0.9902244
-4.164164,18.28419,1.366057,-0.01239667,0.09074085,0.09986413,0.9907773
-4.164164,18.28419,1.366057,-0.01239667,0.09074085,0.09986413,0.9907773
-4.241273,18.22403,1.371154,-0.00736061,0.08576824,0.0984772,0.9914091
-4.241273,18.22403,1.371154,-0.00736061,0.08576824,0.0984772,0.9914091
-4.316169,18.16713,1.366742,-0.008730784,0.08077227,0.09806292,0.9918585
-4.381044,18.08598,1.378469,-0.01024945,0.07669884,0.09587099,0.9923815
-4.381044,18.08598,1.378469,-0.01024945,0.07669884,0.09587099,0.9923815
-4.433417,18.00043,1.4001,-0.009969065,0.07362764,0.09409361,0.992787
-4.433417,18.00043,1.4001,-0.009969065,0.07362764,0.09409361,0.992787
-4.478763,17.93948,1.425998,-0.00965259,0.07100736,0.09324583,0.9930609
-4.505764,17.86736,1.450538,-0.00760351,0.07051075,0.09456702,0.9929892
-4.505764,17.86736,1.450538,-0.00760351,0.07051075,0.09456702,0.9929892
-4.54022,17.81384,1.47104,-0.004838408,0.06932842,0.09387574,0.9931553
-4.54022,17.81384,1.47104,-0.004838408,0.06932842,0.09387574,0.9931553
-4.563031,17.74504,1.488514,-0.001848005,0.06866979,0.09366592,0.993231
-4.578881,17.69608,1.49552,0.001400232,0.06803531,0.0938741,0.9932557
-4.578881,17.69608,1.49552,0.001400232,0.06803531,0.0938741,0.9932557
-4.583971,17.65154,1.499863,0.004741072,0.06759324,0.09221964,0.9934306
-4.583971,17.65154,1.499863,0.004741072,0.06759324,0.09221964,0.9934306
-4.585572,17.61976,1.501679,0.007906108,0.06737169,0.08996993,0.9936318
-4.583399,17.61256,1.504772,0.008868837,0.06762028,0.08951926,0.9936475
-4.583399,17.61256,1.504772,0.008868837,0.06762028,0.08951926,0.9936475
-4.577653,17.60994,1.508047,0.008054615,0.06773505,0.08982445,0.993619
-4.577653,17.60994,1.508047,0.008054615,0.06773505,0.08982445,0.993619
-4.567369,17.61291,1.515969,0.007146433,0.06788605,0.08981782,0.9936162
-4.55935,17.61613,1.522366,0.006859403,0.06816721,0.08965676,0.9936135
-4.55935,17.61613,1.522366,0.006859403,0.06816721,0.08965676,0.9936135
-4.549582,17.62229,1.528153,0.006404608,0.06849573,0.08817675,0.9937264
-4.540382,17.63066,1.534368,0.005989476,0.06859965,0.08717247,0.9938104
-4.540382,17.63066,1.534368,0.005989476,0.06859965,0.08717247,0.9938104
-4.52354,17.6331,1.543608,0.005780573,0.06910729,0.08688502,0.9938017
-4.52354,17.6331,1.543608,0.005780573,0.06910729,0.08688502,0.9938017
-4.503973,17.6371,1.553749,0.005747972,0.0695153,0.0891234,0.9935752
-4.49074,17.65584,1.564056,0.004909431,0.06953591,0.08949468,0.9935449
-4.49074,17.65584,1.564056,0.004909431,0.06953591,0.08949468,0.9935449
-4.49074,17.65584,1.564056,0.004909431,0.06953591,0.08949468,0.9935449
-4.474323,17.67996,1.57871,0.00355724,0.06999808,0.08861058,0.9935974
-4.474323,17.67996,1.57871,0.00355724,0.06999808,0.08861058,0.9935974
-4.46795,17.69643,1.587972,0.002976969,0.07007374,0.08753601,0.9936892
-4.461137,17.71084,1.599096,0.002160558,0.07011019,0.08685717,0.9937483
-4.461137,17.71084,1.599096,0.002160558,0.07011019,0.08685717,0.9937483
-4.457095,17.74839,1.600209,0.0004626317,0.06970081,0.08775499,0.9937005
-4.457095,17.74839,1.600209,0.0004626317,0.06970081,0.08775499,0.9937005
-4.455415,17.77499,1.593734,-0.0002046507,0.06962105,0.0890277,0.9935929
-4.455415,17.77499,1.593734,-0.0002046507,0.06962105,0.0890277,0.9935929
-4.450956,17.79108,1.589449,-0.0005395637,0.06960827,0.09015352,0.9934922
-4.443642,17.80414,1.583665,-0.0008822586,0.06952561,0.09119621,0.9934027
-4.443642,17.80414,1.583665,-0.0008822586,0.06952561,0.09119621,0.9934027
-4.437239,17.81853,1.578219,-0.001514865,0.06946563,0.09227739,0.9933062
-4.437239,17.81853,1.578219,-0.001514865,0.06946563,0.09227739,0.9933062
-4.42991,17.82647,1.57306,-0.001868797,0.06969366,0.09216262,0.9933002
-4.425721,17.83167,1.570041,-0.00265347,0.06988057,0.09139292,0.9933565
-4.425721,17.83167,1.570041,-0.00265347,0.06988057,0.09139292,0.9933565
-4.424532,17.83366,1.565097,-0.002600073,0.06991112,0.0912081,0.9933715
-4.424532,17.83366,1.565097,-0.002600073,0.06991112,0.0912081,0.9933715
-4.426499,17.83222,1.562388,-0.002550588,0.06949933,0.09160256,0.9933642
-4.424302,17.82668,1.56155,-0.001724298,0.06985452,0.09266336,0.9932427
-4.424302,17.82668,1.56155,-0.001724298,0.06985452,0.09266336,0.9932427
-4.419566,17.82259,1.560914,-0.0005786995,0.06994481,0.09389242,0.9931221
-4.419566,17.82259,1.560914,-0.0005786995,0.06994481,0.09389242,0.9931221
-4.413268,17.82096,1.564471,0.0005754409,0.07001368,0.09450449,0.9930592
-4.403699,17.82326,1.570064,0.001976805,0.07009667,0.09461369,0.9930412
-4.403699,17.82326,1.570064,0.001976805,0.07009667,0.09461369,0.9930412
-4.390458,17.83265,1.57907,0.00290204,0.07040446,0.09556296,0.9929263
-4.390458,17.83265,1.57907,0.00290204,0.07040446,0.09556296,0.9929263
-4.374279,17.85252,1.585797,0.004355643,0.07125369,0.09724176,0.9926973
-4.35452,17.87629,1.594424,0.005400144,0.07236547,0.09972564,0.9923653
-4.35452,17.87629,1.594424,0.005400144,0.07236547,0.09972564,0.9923653
-4.329099,17.90125,1.603854,0.006808906,0.07398093,0.1025813,0.9919464
-4.329099,17.90125,1.603854,0.006808906,0.07398093,0.1025813,0.9919464
-4.288896,17.93277,1.614478,0.009367371,0.07766721,0.1116461,0.9906641
-4.246591,17.96483,1.627861,0.01478295,0.08177243,0.1227918,0.9889474
-4.246591,17.96483,1.627861,0.01478295,0.08177243,0.1227918,0.9889474
-4.212957,17.99779,1.644239,0.01982205,0.0846501,0.1268971,0.9880985
-4.212957,17.99779,1.644239,0.01982205,0.0846501,0.1268971,0.9880985
-4.184703,18.01329,1.664535,0.02273658,0.0873771,0.1260696,0.9879043
-4.162456,18.01855,1.68204,0.02498479,0.08948518,0.122774,0.9880763
-4.162456,18.01855,1.68204,0.02498479,0.08948518,0.122774,0.9880763
-4.144345,18.00579,1.704679,0.02732377,0.09086708,0.1175021,0.9885291
-4.144345,18.00579,1.704679,0.02732377,0.09086708,0.1175021,0.9885291
-4.13413,17.98577,1.733772,0.02825628,0.09065297,0.1130963,0.9890364
-4.137702,17.98206,1.77361,0.02741795,0.08822011,0.106113,0.9900533
-4.137702,17.98206,1.77361,0.02741795,0.08822011,0.106113,0.9900533
-4.145305,17.98192,1.808733,0.02733575,0.08530872,0.09851343,0.9910955
-4.145305,17.98192,1.808733,0.02733575,0.08530872,0.09851343,0.9910955
-4.152113,17.98087,1.822548,0.02872629,0.08322082,0.09054171,0.9919937
-4.152113,17.98087,1.822548,0.02872629,0.08322082,0.09054171,0.9919937
-4.155624,17.96154,1.829417,0.03304463,0.0814557,0.08174226,0.9927695
-4.155624,17.96154,1.829417,0.03304463,0.0814557,0.08174226,0.9927695
-4.154096,17.94232,1.830997,0.0385897,0.07989457,0.0756529,0.9931789
-4.159002,17.92154,1.800743,0.04431727,0.07825641,0.06745075,0.993661
-4.159002,17.92154,1.800743,0.04431727,0.07825641,0.06745075,0.993661
-4.143581,17.89887,1.775841,0.04761279,0.07904301,0.06129704,0.993845
-4.143581,17.89887,1.775841,0.04761279,0.07904301,0.06129704,0.993845
-4.110466,17.87524,1.787291,0.04761412,0.08166743,0.05488083,0.9940078
-4.069985,17.83123,1.805732,0.04627248,0.08449952,0.04322175,0.9944097
-4.069985,17.83123,1.805732,0.04627248,0.08449952,0.04322175,0.9944097
-3.993701,17.80727,1.860838,0.04185591,0.08653945,0.03143609,0.9948723
-3.993701,17.80727,1.860838,0.04185591,0.08653945,0.03143609,0.9948723
-3.937103,17.74894,1.894797,0.04213951,0.08768707,0.02187273,0.995016
-3.937103,17.74894,1.894797,0.04213951,0.08768707,0.02187273,0.995016
-3.915885,17.76463,1.911951,0.03369756,0.08770739,0.0153704,0.9954576
-3.902098,17.81058,1.948939,0.02068745,0.08713424,0.01188305,0.9959109
-3.902098,17.81058,1.948939,0.02068745,0.08713424,0.01188305,0.9959109
-3.863475,17.89306,2.048602,0.008512454,0.09080249,0.01465773,0.9957247
-3.863475,17.89306,2.048602,0.008512454,0.09080249,0.01465773,0.9957247
-3.821101,17.92346,2.062426,0.01195171,0.09839676,0.02395139,0.9947872
-3.762069,17.98664,2.145662,0.00431728,0.1010446,0.02971655,0.9944286
-3.762069,17.98664,2.145662,0.00431728,0.1010446,0.02971655,0.9944286
-3.689243,18.05917,2.172445,-0.009869427,0.1055873,0.03507822,0.9937422
-3.689243,18.05917,2.172445,-0.009869427,0.1055873,0.03507822,0.9937422
-3.66073,18.15896,2.106657,-0.02461513,0.1095389,0.03753707,0.9929684
-3.66073,18.15896,2.106657,-0.02461513,0.1095389,0.03753707,0.9929684
-3.63202,18.21636,2.062009,-0.02641385,0.1145618,0.0383766,0.9923232
-3.623503,18.31376,2.018288,-0.03222121,0.1169158,0.04487402,0.9916041
-3.623503,18.31376,2.018288,-0.03222121,0.1169158,0.04487402,0.9916041
-3.604515,18.42278,2.030467,-0.04004319,0.1221715,0.04530092,0.9906657
-3.577289,18.37996,2.027569,-0.02895178,0.1260492,0.05240481,0.9902158
-3.577289,18.37996,2.027569,-0.02895178,0.1260492,0.05240481,0.9902158
-3.551448,18.34735,2.037214,-0.02249309,0.1295479,0.05961707,0.9895238
-3.551448,18.34735,2.037214,-0.02249309,0.1295479,0.05961707,0.9895238
-3.55179,18.37903,2.072628,-0.02384557,0.128861,0.05670005,0.9897531
-3.551256,18.41074,2.139465,-0.02483163,0.1267297,0.02971163,0.9911812
-3.551256,18.41074,2.139465,-0.02483163,0.1267297,0.02971163,0.9911812
-3.506431,18.35634,2.229073,-0.02516105,0.1296171,-0.006117309,0.991226
-3.506431,18.35634,2.229073,-0.02516105,0.1296171,-0.006117309,0.991226
-3.469914,18.30235,2.284039,-0.02642036,0.1297561,-0.03417746,0.9906045
-3.469914,18.30235,2.284039,-0.02642036,0.1297561,-0.03417746,0.9906045
-3.448508,18.3073,2.308097,-0.03131811,0.1299988,-0.0474942,0.9898807
-3.441476,18.3771,2.319372,-0.03928148,0.1301943,-0.04744688,0.9895733
-3.441476,18.3771,2.319372,-0.03928148,0.1301943,-0.04744688,0.9895733
-3.441962,18.42369,2.348623,-0.04455641,0.1282144,-0.04234258,0.9898399
-3.441962,18.42369,2.348623,-0.04455641,0.1282144,-0.04234258,0.9898399
-3.443655,18.46546,2.349702,-0.04826219,0.1278859,-0.03832328,0.9898724
-3.449921,18.50869,2.343378,-0.05186957,0.1276901,-0.0344614,0.9898572
-3.449921,18.50869,2.343378,-0.05186957,0.1276901,-0.0344614,0.9898572
-3.458637,18.55855,2.341184,-0.05548824,0.1270332,-0.02926792,0.9899126
-3.458637,18.55855,2.341184,-0.05548824,0.1270332,-0.02926792,0.9899126
-3.465966,18.59824,2.345706,-0.05718497,0.1267051,-0.02516249,0.989971
-3.465966,18.59824,2.345706,-0.05718497,0.1267051,-0.02516249,0.989971
-3.465966,18.59824,2.345706,-0.05718497,0.1267051,-0.02516249,0.989971
-3.476538,18.64075,2.347511,-0.05877136,0.1277478,-0.02528376,0.989741
-3.484018,18.66508,2.348794,-0.059648,0.1280788,-0.02495133,0.9896542
-3.484018,18.66508,2.348794,-0.059648,0.1280788,-0.02495133,0.9896542
-3.49157,18.67494,2.34709,-0.05926322,0.1286617,-0.02525446,0.989594
-3.49157,18.67494,2.34709,-0.05926322,0.1286617,-0.02525446,0.989594
-3.499207,18.68463,2.347126,-0.0595633,0.1287587,-0.02545494,0.9895582
-3.505622,18.68816,2.356564,-0.05942345,0.1289621,-0.02445324,0.9895654
-3.505622,18.68816,2.356564,-0.05942345,0.1289621,-0.02445324,0.9895654
-3.515544,18.69362,2.367973,-0.05992334,0.1283155,-0.02394615,0.9896317
-3.515544,18.69362,2.367973,-0.05992334,0.1283155,-0.02394615,0.9896317
-3.52338,18.70299,2.378073,-0.06058376,0.1280611,-0.02247863,0.9896589
-3.5344,18.70088,2.382261,-0.0599214,0.1280361,-0.02056622,0.989744
-3.5344,18.70088,2.382261,-0.0599214,0.1280361,-0.02056622,0.989744
-3.549503,18.7101,2.387626,-0.06003108,0.1276158,-0.01883223,0.9898262
-3.549503,18.7101,2.387626,-0.06003108,0.1276158,-0.01883223,0.9898262
-3.564258,18.71506,2.394013,-0.0609384,0.1268201,-0.01722598,0.9899023
-3.575224,18.71244,2.398118,-0.06098112,0.1266343,-0.01720204,0.9899239
-3.575224,18.71244,2.398118,-0.06098112,0.1266343,-0.01720204,0.9899239
-3.584095,18.71341,2.402593,-0.06178023,0.1262372,-0.01691314,0.98993
-3.584095,18.71341,2.402593,-0.06178023,0.1262372,-0.01691314,0.98993
-3.591984,18.71282,2.405252,-0.0625279,0.1258485,-0.01756357,0.9899212
-3.59938,18.71749,2.407531,-0.06339485,0.1256462,-0.01915969,0.9898622
-3.59938,18.71749,2.407531,-0.06339485,0.1256462,-0.01915969,0.9898622
-3.606973,18.72674,2.408055,-0.06450669,0.1252645,-0.01850568,0.9898512
-3.606973,18.72674,2.408055,-0.06450669,0.1252645,-0.01850568,0.9898512
-3.610428,18.73019,2.403136,-0.06448504,0.1251557,-0.01792798,0.9898769
-3.617554,18.74128,2.399207,-0.06487335,0.1246082,-0.01678,0.9899408
-3.617554,18.74128,2.399207,-0.06487335,0.1246082,-0.01678,0.9899408
-3.621136,18.74227,2.396367,-0.06464765,0.1247024,-0.01713676,0.9899375
-3.621136,18.74227,2.396367,-0.06464765,0.1247024,-0.01713676,0.9899375
-3.625772,18.7526,2.399316,-0.06553508,0.1244597,-0.01765034,0.9899007
-3.629547,18.75618,2.403101,-0.06606404,0.1243467,-0.01781905,0.9898767
-3.629547,18.75618,2.403101,-0.06606404,0.1243467,-0.01781905,0.9898767
-3.631163,18.76859,2.41048,-0.06615025,0.12507,-0.01728564,0.9897893
-3.631163,18.76859,2.41048,-0.06615025,0.12507,-0.01728564,0.9897893
-3.632464,18.76946,2.414857,-0.06632309,0.1254794,-0.01681632,0.9897341
-3.640696,18.76839,2.419779,-0.06641183,0.1248805,-0.01782849,0.9897861
-3.640696,18.76839,2.419779,-0.06641183,0.1248805,-0.01782849,0.9897861
-3.649271,18.76322,2.423563,-0.06664904,0.1242173,-0.01875129,0.9898366
-3.649271,18.76322,2.423563,-0.06664904,0.1242173,-0.01875129,0.9898366
-3.661717,18.76627,2.429691,-0.06765758,0.1237477,-0.02015249,0.9897994
-3.661717,18.76627,2.429691,-0.06765758,0.1237477,-0.02015249,0.9897994
-3.663235,18.77114,2.431698,-0.06695587,0.1246349,-0.02003981,0.989738
-3.670985,18.76982,2.433359,-0.06703471,0.1239036,-0.0192198,0.9898408
-3.670985,18.76982,2.433359,-0.06703471,0.1239036,-0.0192198,0.9898408
-3.677076,18.76646,2.435126,-0.06746968,0.1234173,-0.01936052,0.9898693
-3.677076,18.76646,2.435126,-0.06746968,0.1234173,-0.01936052,0.9898693
-3.681862,18.76424,2.436882,-0.06834688,0.1232354,-0.02052105,0.9898084
-3.682768,18.76008,2.438288,-0.0688492,0.1234275,-0.02100485,0.9897395
-3.682768,18.76008,2.438288,-0.0688492,0.1234275,-0.02100485,0.9897395
-3.682317,18.7596,2.443648,-0.06951183,0.1235375,-0.02043566,0.9896913
-3.682317,18.7596,2.443648,-0.06951183,0.1235375,-0.02043566,0.9896913
-3.682317,18.7596,2.443648,-0.06951183,0.1235375,-0.02043566,0.9896913
-3.66536,18.78688,2.478203,-0.07296119,0.1224503,-0.01405926,0.9896894
-3.6503,18.82733,2.515187,-0.07632755,0.1209978,-0.002810583,0.98971
-3.6503,18.82733,2.515187,-0.07632755,0.1209978,-0.002810583,0.98971
-3.634853,18.88227,2.534117,-0.08440683,0.1208935,0.005597321,0.9890546
-3.634853,18.88227,2.534117,-0.08440683,0.1208935,0.005597321,0.9890546
-3.620497,18.93603,2.547044,-0.093043,0.1210282,0.01268492,0.9881976
-3.616856,18.96519,2.500842,-0.09459418,0.125092,0.04237501,0.986716
-3.616856,18.96519,2.500842,-0.09459418,0.125092,0.04237501,0.986716
-3.603363,19.03831,2.515166,-0.09138219,0.1268757,0.05770605,0.9860132
-3.603363,19.03831,2.515166,-0.09138219,0.1268757,0.05770605,0.9860132
-3.607089,19.11443,2.48616,-0.09105175,0.1282331,0.06804167,0.9852087
-3.607089,19.11443,2.48616,-0.09105175,0.1282331,0.06804167,0.9852087
-3.642598,19.18872,2.425803,-0.09458896,0.1265181,0.08312436,0.9839393
-3.697262,19.24897,2.312267,-0.09920969,0.124291,0.09468038,0.9827232
-3.697262,19.24897,2.312267,-0.09920969,0.124291,0.09468038,0.9827232
-3.766324,19.28445,2.123647,-0.1042971,0.1218221,0.10568,0.9813833
-3.766324,19.28445,2.123647,-0.1042971,0.1218221,0.10568,0.9813833
-3.791281,19.23652,1.999063,-0.10239,0.1245122,0.1002844,0.9818126
-3.791281,19.23652,1.999063,-0.10239,0.1245122,0.1002844,0.9818126
-3.820867,19.20313,1.962138,-0.09909044,0.1223088,0.0903215,0.983394
-3.839455,19.24924,1.974034,-0.101153,0.11937,0.1000884,0.9825993
-3.839455,19.24924,1.974034,-0.101153,0.11937,0.1000884,0.9825993
-3.824597,19.1608,1.934217,-0.09145692,0.1145255,0.08822975,0.9852589
-3.824597,19.1608,1.934217,-0.09145692,0.1145255,0.08822975,0.9852589
-3.845936,18.95549,1.884789,-0.07097256,0.1120418,0.05345657,0.9897231
-3.910043,18.8112,1.759345,-0.04222016,0.1141417,0.03226291,0.9920425
-3.910043,18.8112,1.759345,-0.04222016,0.1141417,0.03226291,0.9920425
-3.955707,18.70328,1.684375,-0.02179863,0.1147499,0.04319687,0.9922153
-3.955707,18.70328,1.684375,-0.02179863,0.1147499,0.04319687,0.9922153
-3.947031,18.56475,1.599112,-0.01207689,0.1166332,0.05253688,0.991711
-3.936178,18.45602,1.516357,-0.008338187,0.1155096,0.06771868,0.9909603
-3.936178,18.45602,1.516357,-0.008338187,0.1155096,0.06771868,0.9909603
-3.928237,18.36628,1.418842,1.739721E-05,0.1148937,0.0870708,0.9895545
-3.928237,18.36628,1.418842,1.739721E-05,0.1148937,0.0870708,0.9895545
-3.946304,18.31335,1.31612,0.006899686,0.1129826,0.09769627,0.9887582
-3.968213,18.27292,1.241899,0.01065653,0.1110147,0.1031784,0.9883909
-3.968213,18.27292,1.241899,0.01065653,0.1110147,0.1031784,0.9883909
-3.984279,18.21671,1.196703,0.01343929,0.1100576,0.1072127,0.9880345
-3.984279,18.21671,1.196703,0.01343929,0.1100576,0.1072127,0.9880345
-4.003638,18.1413,1.165641,0.01625478,0.1099002,0.107265,0.9880041
-4.022769,18.06658,1.141858,0.01905085,0.1098703,0.1076718,0.9879132
-4.022769,18.06658,1.141858,0.01905085,0.1098703,0.1076718,0.9879132
-4.045251,17.98772,1.127288,0.020502,0.1085904,0.1074395,0.9880509
-4.045251,17.98772,1.127288,0.020502,0.1085904,0.1074395,0.9880509
-4.067679,17.92245,1.127212,0.02011241,0.1067118,0.1066907,0.9883447
-4.091247,17.87623,1.135213,0.01969278,0.1048324,0.105033,0.9887317
-4.091247,17.87623,1.135213,0.01969278,0.1048324,0.105033,0.9887317
-4.120645,17.84563,1.147745,0.01972616,0.1031317,0.1033342,0.9890889
-4.120645,17.84563,1.147745,0.01972616,0.1031317,0.1033342,0.9890889
-4.141834,17.81632,1.159532,0.01950909,0.101999,0.1017542,0.9893745
-4.141834,17.81632,1.159532,0.01950909,0.101999,0.1017542,0.9893745
-4.166562,17.78785,1.173129,0.01998927,0.1011616,0.1018603,0.9894398
-4.166562,17.78785,1.173129,0.01998927,0.1011616,0.1018603,0.9894398
-4.183819,17.77481,1.183133,0.02015454,0.1008441,0.1007134,0.9895864
-4.183819,17.77481,1.183133,0.02015454,0.1008441,0.1007134,0.9895864
-4.192564,17.75717,1.196215,0.02025923,0.1008423,0.1003851,0.9896178
-4.192564,17.75717,1.196215,0.02025923,0.1008423,0.1003851,0.9896178
-4.198151,17.74821,1.207817,0.01942773,0.100818,0.1005504,0.9896201
-4.200326,17.73934,1.216998,0.01934885,0.1010181,0.1015177,0.9895025
-4.200326,17.73934,1.216998,0.01934885,0.1010181,0.1015177,0.9895025
-4.203177,17.73204,1.22822,0.0172892,0.1006494,0.1026032,0.9894662
-4.203177,17.73204,1.22822,0.0172892,0.1006494,0.1026032,0.9894662
-4.21002,17.72732,1.238919,0.01557297,0.1002459,0.1020625,0.9895916
-4.212216,17.72197,1.247555,0.01443756,0.1002952,0.1020135,0.9896088
-4.212216,17.72197,1.247555,0.01443756,0.1002952,0.1020135,0.9896088
-4.211939,17.71425,1.255175,0.01388168,0.1002874,0.1021405,0.9896045
-4.211939,17.71425,1.255175,0.01388168,0.1002874,0.1021405,0.9896045
-4.20961,17.7123,1.263301,0.01384166,0.100085,0.1022134,0.9896181
-4.202667,17.70754,1.272218,0.01398038,0.09969144,0.1021294,0.9896646
-4.202667,17.70754,1.272218,0.01398038,0.09969144,0.1021294,0.9896646
-4.1958,17.70481,1.281369,0.01442777,0.09938318,0.1019386,0.9897087
-4.1958,17.70481,1.281369,0.01442777,0.09938318,0.1019386,0.9897087
-4.188838,17.70441,1.288256,0.01439704,0.09893908,0.101109,0.9898388
-4.182523,17.70634,1.294973,0.01415113,0.09863574,0.1004256,0.9899421
-4.182523,17.70634,1.294973,0.01415113,0.09863574,0.1004256,0.9899421
-4.178035,17.7094,1.301502,0.01384858,0.09818853,0.09921805,0.9901127
-4.178035,17.7094,1.301502,0.01384858,0.09818853,0.09921805,0.9901127
-4.176567,17.71667,1.308279,0.01337811,0.09755246,0.09779182,0.9903238
-4.1755,17.72633,1.315681,0.01247437,0.09697813,0.09659564,0.9905094
-4.1755,17.72633,1.315681,0.01247437,0.09697813,0.09659564,0.9905094
-4.172281,17.73322,1.324978,0.01152026,0.09657862,0.0960114,0.9906169
-4.172281,17.73322,1.324978,0.01152026,0.09657862,0.0960114,0.9906169
-4.169949,17.74507,1.334118,0.01032958,0.09633288,0.09545562,0.9907076
-4.169026,17.75863,1.343754,0.009391121,0.09635044,0.09504381,0.9907548
-4.169026,17.75863,1.343754,0.009391121,0.09635044,0.09504381,0.9907548
-4.16618,17.78036,1.3521,0.008817722,0.09665465,0.09473381,0.9907601
-4.16618,17.78036,1.3521,0.008817722,0.09665465,0.09473381,0.9907601
-4.160774,17.80712,1.361509,0.007495906,0.09707507,0.09497074,0.9907073
-4.160774,17.80712,1.361509,0.007495906,0.09707507,0.09497074,0.9907073
-4.152165,17.84071,1.371915,0.006259239,0.09788221,0.09636173,0.9905021
-4.138748,17.88202,1.376094,0.005771204,0.0994347,0.09931578,0.9900585
-4.138748,17.88202,1.376094,0.005771204,0.0994347,0.09931578,0.9900585
-4.120286,17.93523,1.374824,0.005539294,0.1017837,0.103178,0.989426
-4.101549,18.00203,1.36282,0.004903409,0.1045021,0.1069092,0.9887496
-4.101549,18.00203,1.36282,0.004903409,0.1045021,0.1069092,0.9887496
-4.062998,18.09502,1.339149,0.009921085,0.1100552,0.1180867,0.9868358
-4.062998,18.09502,1.339149,0.009921085,0.1100552,0.1180867,0.9868358
-4.02849,18.19376,1.310355,0.01269,0.1153538,0.1290666,0.984822
-4.000018,18.30252,1.278766,0.0118168,0.1193292,0.1379572,0.9831524
-4.000018,18.30252,1.278766,0.0118168,0.1193292,0.1379572,0.9831524
-3.979263,18.40623,1.250182,0.00825726,0.1223396,0.1412468,0.9823514
-3.979263,18.40623,1.250182,0.00825726,0.1223396,0.1412468,0.9823514
-3.977632,18.54762,1.23823,0.0009700797,0.1221444,0.141669,0.9823491
-3.977632,18.54762,1.23823,0.0009700797,0.1221444,0.141669,0.9823491
-3.998497,18.66901,1.281599,-0.003743625,0.1173599,0.1286412,0.9847152
-3.998497,18.66901,1.281599,-0.003743625,0.1173599,0.1286412,0.9847152
-3.993738,18.72189,1.323535,-0.00363318,0.1145555,0.1080832,0.987513
-3.993738,18.72189,1.323535,-0.00363318,0.1145555,0.1080832,0.987513
-3.96475,18.73568,1.383583,-0.008786862,0.1140048,0.0776188,0.9904045
-3.877615,18.67438,1.475678,-0.01670037,0.1158777,0.04412619,0.9921424
-3.877615,18.67438,1.475678,-0.01670037,0.1158777,0.04412619,0.9921424
-3.805455,18.62643,1.52887,-0.02389609,0.1167983,0.03114328,0.9923796
-3.805455,18.62643,1.52887,-0.02389609,0.1167983,0.03114328,0.9923796
-3.742583,18.69231,1.580267,-0.03692981,0.1229756,0.03888386,0.9909598
-3.669004,18.81689,1.624974,-0.05632255,0.1356626,0.05297175,0.9877335
-3.669004,18.81689,1.624974,-0.05632255,0.1356626,0.05297175,0.9877335
-3.615456,18.95576,1.635867,-0.06375472,0.1387981,0.07306682,0.9855617
-3.546198,19.08893,1.644066,-0.08627298,0.1454593,0.08005098,0.9823393
-3.546198,19.08893,1.644066,-0.08627298,0.1454593,0.08005098,0.9823393
-3.484211,19.11423,1.698433,-0.0960447,0.1485768,0.08167254,0.9808313
-3.484211,19.11423,1.698433,-0.0960447,0.1485768,0.08167254,0.9808313
-3.40473,19.20332,1.758204,-0.1075905,0.1561576,0.08801693,0.9779019
-3.316105,19.04553,1.800502,-0.08746548,0.158291,0.0857058,0.9797695
-3.316105,19.04553,1.800502,-0.08746548,0.158291,0.0857058,0.9797695
-3.266819,18.88559,1.801123,-0.07129279,0.1595024,0.08136754,0.9812521
-3.266819,18.88559,1.801123,-0.07129279,0.1595024,0.08136754,0.9812521
-3.254987,18.818,1.829309,-0.06746807,0.1596915,0.07577716,0.9819391
-3.254987,18.818,1.829309,-0.06746807,0.1596915,0.07577716,0.9819391
-3.27922,18.83423,1.862474,-0.0674755,0.1582659,0.06820217,0.9827245
-3.28793,18.86102,1.902699,-0.07065431,0.1581015,0.04929877,0.9836572
-3.28793,18.86102,1.902699,-0.07065431,0.1581015,0.04929877,0.9836572
-3.276564,18.848,1.978501,-0.07515726,0.1591292,0.02545982,0.9840636
-3.276564,18.848,1.978501,-0.07515726,0.1591292,0.02545982,0.9840636
-3.267067,18.83945,2.027971,-0.08072551,0.1603487,0.01527835,0.9836352
-3.263127,18.86718,2.061172,-0.08648124,0.161368,0.01640082,0.9829611
-3.263127,18.86718,2.061172,-0.08648124,0.161368,0.01640082,0.9829611
-3.271987,18.91254,2.07936,-0.09065311,0.1622602,0.01571366,0.9824494
-3.271987,18.91254,2.07936,-0.09065311,0.1622602,0.01571366,0.9824494
-3.290317,18.93396,2.086401,-0.08899653,0.1624057,0.01701872,0.982555
-3.325326,18.93626,2.062656,-0.08770587,0.1622925,0.01358931,0.9827431
-3.325326,18.93626,2.062656,-0.08770587,0.1622925,0.01358931,0.9827431
-3.370635,18.94952,2.033997,-0.08934826,0.1612324,0.008278357,0.9828289
-3.370635,18.94952,2.033997,-0.08934826,0.1612324,0.008278357,0.9828289
-3.396029,18.9605,2.021172,-0.08977883,0.1610556,0.006884613,0.9828294
-3.409055,18.9714,2.013547,-0.08872204,0.1612669,0.008830627,0.982875
-3.409055,18.9714,2.013547,-0.08872204,0.1612669,0.008830627,0.982875
-3.420575,18.98123,2.002772,-0.08682378,0.1622614,0.009581711,0.9828739
-3.420575,18.98123,2.002772,-0.08682378,0.1622614,0.009581711,0.9828739
-3.428051,18.99357,1.990707,-0.08542173,0.1634816,0.01114025,0.9827781
-3.434106,19.00226,1.984065,-0.08451493,0.1639526,0.01215494,0.9827661
-3.434106,19.00226,1.984065,-0.08451493,0.1639526,0.01215494,0.9827661
-3.43709,18.99412,1.980806,-0.08205076,0.1649165,0.009537169,0.9828424
-3.43709,18.99412,1.980806,-0.08205076,0.1649165,0.009537169,0.9828424
-3.43785,18.98014,1.982191,-0.08076515,0.1656919,0.005426147,0.9828498
-3.43785,18.98014,1.982191,-0.08076515,0.1656919,0.005426147,0.9828498
-3.437178,18.96378,1.98581,-0.07894835,0.1662893,0.0005338751,0.9829114
-3.437178,18.96378,1.98581,-0.07894835,0.1662893,0.0005338751,0.9829114
-3.436121,18.95043,1.986218,-0.07725471,0.1667312,-0.00116783,0.9829706
-3.436121,18.95043,1.986218,-0.07725471,0.1667312,-0.00116783,0.9829706
-3.435149,18.93182,1.984626,-0.07488338,0.1671622,-0.004811214,0.9830698
-3.435149,18.93182,1.984626,-0.07488338,0.1671622,-0.004811214,0.9830698
-3.435944,18.90809,1.985154,-0.07235242,0.1673791,-0.008378243,0.9831985
-3.438402,18.87902,1.989893,-0.06927378,0.1673595,-0.0113103,0.9833942
-3.438402,18.87902,1.989893,-0.06927378,0.1673595,-0.0113103,0.9833942
-3.443149,18.85008,1.997602,-0.06699459,0.1664837,-0.01331947,0.9836755
-3.443149,18.85008,1.997602,-0.06699459,0.1664837,-0.01331947,0.9836755
-3.447289,18.82613,2.006544,-0.06520651,0.1656231,-0.01462819,0.9839224
-3.450083,18.80632,2.015522,-0.06403906,0.1650613,-0.01650224,0.9840637
-3.450083,18.80632,2.015522,-0.06403906,0.1650613,-0.01650224,0.9840637
-3.452591,18.78445,2.022746,-0.06273913,0.1648966,-0.01984186,0.9841135
-3.452591,18.78445,2.022746,-0.06273913,0.1648966,-0.01984186,0.9841135
-3.454962,18.7704,2.024357,-0.0619517,0.1649494,-0.02246204,0.9840982
-3.456294,18.76065,2.022845,-0.06110724,0.1650847,-0.02410503,0.9840894
-3.456294,18.76065,2.022845,-0.06110724,0.1650847,-0.02410503,0.9840894
-3.455603,18.76083,2.017995,-0.05909918,0.1676295,-0.02972919,0.9836279
-3.448313,18.77711,2.029305,-0.05465209,0.1666172,-0.01889868,0.9843245
-3.448313,18.77711,2.029305,-0.05465209,0.1666172,-0.01889868,0.9843245
-3.435298,18.77892,2.050029,-0.05037829,0.1654516,-0.009371243,0.9848858
-3.435298,18.77892,2.050029,-0.05037829,0.1654516,-0.009371243,0.9848858
-3.426582,18.78847,2.068917,-0.04863138,0.1646142,-0.004671493,0.9851474
-3.430853,18.78726,2.059733,-0.04977384,0.168752,-0.02039841,0.9841896
-3.430853,18.78726,2.059733,-0.04977384,0.168752,-0.02039841,0.9841896
-3.435694,18.80101,2.052928,-0.05273791,0.1701085,-0.02901655,0.9835852
-3.435694,18.80101,2.052928,-0.05273791,0.1701085,-0.02901655,0.9835852
-3.436675,18.81435,2.04617,-0.05488528,0.170298,-0.03214924,0.9833375
-3.434837,18.82241,2.040485,-0.05557764,0.1704462,-0.03382612,0.9832166
-3.434837,18.82241,2.040485,-0.05557764,0.1704462,-0.03382612,0.9832166
-3.427001,18.8378,2.034137,-0.05631255,0.1705751,-0.0339465,0.9831483
-3.427001,18.8378,2.034137,-0.05631255,0.1705751,-0.0339465,0.9831483
-3.415432,18.84941,2.026668,-0.05565159,0.171334,-0.03412687,0.9830478
-3.415432,18.84941,2.026668,-0.05565159,0.171334,-0.03412687,0.9830478
-3.415432,18.84941,2.026668,-0.05565159,0.171334,-0.03412687,0.9830478
-3.377125,18.91682,2.053997,-0.06059394,0.1712068,-0.02399093,0.9830773
-3.377125,18.91682,2.053997,-0.06059394,0.1712068,-0.02399093,0.9830773
-3.354386,18.95463,2.082351,-0.06473056,0.1693715,-0.009420604,0.9833791
-3.326591,19.03836,2.116184,-0.07307744,0.1670038,0.01569749,0.9831191
-3.326591,19.03836,2.116184,-0.07307744,0.1670038,0.01569749,0.9831191
-3.32808,19.15293,2.10613,-0.08350207,0.1649239,0.03197606,0.982245
-3.32808,19.15293,2.10613,-0.08350207,0.1649239,0.03197606,0.982245
-3.342839,19.19924,2.071069,-0.08367676,0.16277,0.04492373,0.9820825
-3.392676,19.19663,2.025099,-0.07423889,0.1596738,0.06471898,0.9822446
-3.392676,19.19663,2.025099,-0.07423889,0.1596738,0.06471898,0.9822446
-3.528264,19.17851,1.892392,-0.07096551,0.1534603,0.08947393,0.9815336
-3.528264,19.17851,1.892392,-0.07096551,0.1534603,0.08947393,0.9815336
-3.651939,19.05322,1.776286,-0.06318653,0.1467797,0.0958524,0.9824843
-3.740643,19.01009,1.681884,-0.06519499,0.1358319,0.09452526,0.9840551
-3.740643,19.01009,1.681884,-0.06519499,0.1358319,0.09452526,0.9840551
-3.740643,19.01009,1.681884,-0.06519499,0.1358319,0.09452526,0.9840551
-3.745855,19.02207,1.541196,-0.06886831,0.1315634,0.08689069,0.985088
-3.739565,18.86363,1.442139,-0.05533511,0.1304794,0.05318924,0.9884757
-3.739565,18.86363,1.442139,-0.05533511,0.1304794,0.05318924,0.9884757
-3.765205,18.67151,1.375362,-0.0290162,0.1281993,0.05079773,0.9900215
-3.765205,18.67151,1.375362,-0.0290162,0.1281993,0.05079773,0.9900215
-3.816391,18.58488,1.250361,-0.004140872,0.1266038,0.07110661,0.9893929
-3.816391,18.58488,1.250361,-0.004140872,0.1266038,0.07110661,0.9893929
-3.823285,18.47273,1.165755,0.005216362,0.1258283,0.09386711,0.9875875
-3.807902,18.38801,1.110891,0.01129092,0.1285761,0.1140058,0.9850601
-3.807902,18.38801,1.110891,0.01129092,0.1285761,0.1140058,0.9850601
-3.774419,18.33007,1.069784,0.01114481,0.1322812,0.1280749,0.98284
-3.774419,18.33007,1.069784,0.01114481,0.1322812,0.1280749,0.98284
-3.760589,18.26816,1.027624,0.01208241,0.1344052,0.1334693,0.9818224
-3.750951,18.2149,1.011958,0.01331869,0.136179,0.1379389,0.9809439
-3.750951,18.2149,1.011958,0.01331869,0.136179,0.1379389,0.9809439
-3.74416,18.13212,1.004961,0.01546563,0.1379666,0.1418793,0.9801002
-3.74416,18.13212,1.004961,0.01546563,0.1379666,0.1418793,0.9801002
-3.736619,18.04689,1.004792,0.01675472,0.1397277,0.1447556,0.9794086
-3.763567,17.94943,1.003059,0.01954267,0.1378018,0.1400928,0.9803075
-3.763567,17.94943,1.003059,0.01954267,0.1378018,0.1400928,0.9803075
-3.791161,17.85389,1.031383,0.02102968,0.1368095,0.1342783,0.981229
-3.791161,17.85389,1.031383,0.02102968,0.1368095,0.1342783,0.981229
-3.826068,17.76221,1.062028,0.02259199,0.1351933,0.1268394,0.9824074
-3.858883,17.68817,1.083795,0.02519967,0.1329537,0.1224315,0.9832085
-3.858883,17.68817,1.083795,0.02519967,0.1329537,0.1224315,0.9832085
-3.883562,17.61194,1.106711,0.02763348,0.130745,0.1199435,0.9837458
-3.883562,17.61194,1.106711,0.02763348,0.130745,0.1199435,0.9837458
-3.902728,17.54264,1.127497,0.02985676,0.1291809,0.1178343,0.9841423
-3.918055,17.49767,1.144505,0.03126487,0.1281517,0.1154282,0.9845182
-3.918055,17.49767,1.144505,0.03126487,0.1281517,0.1154282,0.9845182
-3.936123,17.46065,1.162297,0.03151419,0.1274533,0.111379,0.9850671
-3.936123,17.46065,1.162297,0.03151419,0.1274533,0.111379,0.9850671
-3.953898,17.43982,1.177376,0.03171401,0.1265962,0.1081897,0.9855266
-3.970563,17.41945,1.191852,0.03133645,0.1255382,0.1058158,0.9859317
-3.970563,17.41945,1.191852,0.03133645,0.1255382,0.1058158,0.9859317
-3.982122,17.39954,1.20538,0.03122828,0.1244,0.1051224,0.9861535
-3.982122,17.39954,1.20538,0.03122828,0.1244,0.1051224,0.9861535
-3.987732,17.38836,1.214338,0.03109423,0.1237898,0.1056724,0.9861757
-3.98842,17.38691,1.226075,0.0303455,0.1235702,0.1068244,0.9861026
-3.98842,17.38691,1.226075,0.0303455,0.1235702,0.1068244,0.9861026
-3.989295,17.3887,1.237762,0.02918014,0.123325,0.1078823,0.9860532
-3.989295,17.3887,1.237762,0.02918014,0.123325,0.1078823,0.9860532
-3.987011,17.398,1.247735,0.02802397,0.1231591,0.1094575,0.9859338
-3.985226,17.4132,1.257273,0.02700114,0.1231148,0.1109409,0.9858022
-3.985226,17.4132,1.257273,0.02700114,0.1231148,0.1109409,0.9858022
-3.9788,17.431,1.263999,0.02605303,0.1231149,0.1119318,0.9857156
-3.9788,17.431,1.263999,0.02605303,0.1231149,0.1119318,0.9857156
-3.97244,17.44446,1.269578,0.02552466,0.1231385,0.1121765,0.9856988
-3.965386,17.4581,1.274191,0.02532771,0.123088,0.1118556,0.9857466
-3.965386,17.4581,1.274191,0.02532771,0.123088,0.1118556,0.9857466
-3.948969,17.4735,1.282939,0.0252084,0.1232941,0.1120292,0.9857041
-3.948969,17.4735,1.282939,0.0252084,0.1232941,0.1120292,0.9857041
-3.948969,17.4735,1.282939,0.0252084,0.1232941,0.1120292,0.9857041
-3.928269,17.4862,1.288938,0.02559316,0.1237848,0.1116657,0.985674
-3.917093,17.4947,1.291438,0.02521683,0.1239335,0.1114397,0.9856905
-3.917093,17.4947,1.291438,0.02521683,0.1239335,0.1114397,0.9856905
-3.907727,17.50483,1.294202,0.02481037,0.1240138,0.1111753,0.9857206
-3.907727,17.50483,1.294202,0.02481037,0.1240138,0.1111753,0.9857206
-3.898916,17.51183,1.294972,0.02463242,0.1240575,0.1109789,0.9857417
-3.891864,17.51805,1.297634,0.02428645,0.1241689,0.1107739,0.9857593
-3.891864,17.51805,1.297634,0.02428645,0.1241689,0.1107739,0.9857593
-3.883201,17.51998,1.299763,0.02394369,0.1242716,0.1113994,0.9856843
-3.883201,17.51998,1.299763,0.02394369,0.1242716,0.1113994,0.9856843
-3.879681,17.5187,1.300756,0.02406281,0.1243028,0.1119221,0.9856183
-3.879681,17.5187,1.300756,0.02406281,0.1243028,0.1119221,0.9856183
-3.877395,17.51612,1.302283,0.02444283,0.1243096,0.1120739,0.9855908
-3.883456,17.51858,1.304478,0.02502002,0.1241891,0.1118984,0.9856114
-3.883456,17.51858,1.304478,0.02502002,0.1241891,0.1118984,0.9856114
-3.887456,17.51094,1.308675,0.0252901,0.1239317,0.1119208,0.9856344
-3.887456,17.51094,1.308675,0.0252901,0.1239317,0.1119208,0.9856344
-3.893432,17.50617,1.314259,0.02532783,0.1237277,0.1120169,0.9856482
-3.899525,17.49738,1.317176,0.02523629,0.1234759,0.1121956,0.9856617
-3.899525,17.49738,1.317176,0.02523629,0.1234759,0.1121956,0.9856617
-3.905907,17.49182,1.320353,0.02475744,0.1231771,0.1124955,0.9856771
-3.905907,17.49182,1.320353,0.02475744,0.1231771,0.1124955,0.9856771
-3.912866,17.48782,1.320127,0.02474912,0.1230736,0.1125981,0.9856785
-3.918211,17.4884,1.319641,0.02473036,0.1228401,0.1125612,0.9857123
-3.918211,17.4884,1.319641,0.02473036,0.1228401,0.1125612,0.9857123
-3.92301,17.48703,1.316187,0.02470405,0.122622,0.1126954,0.9857247
-3.92301,17.48703,1.316187,0.02470405,0.122622,0.1126954,0.9857247
-3.927108,17.48219,1.309213,0.02488063,0.1224764,0.112755,0.9857316
-3.928992,17.47944,1.302458,0.02514414,0.1224854,0.1128502,0.9857129
-3.928992,17.47944,1.302458,0.02514414,0.1224854,0.1128502,0.9857129
-3.929382,17.47486,1.296219,0.02515522,0.1225136,0.1133371,0.9856533
-3.929382,17.47486,1.296219,0.02515522,0.1225136,0.1133371,0.9856533
-3.930321,17.46984,1.290753,0.02510496,0.1224904,0.1138354,0.9856
-3.933079,17.47113,1.285359,0.0251609,0.1224213,0.1140795,0.9855789
-3.933079,17.47113,1.285359,0.0251609,0.1224213,0.1140795,0.9855789
-3.932556,17.46959,1.279817,0.02525293,0.122284,0.1138959,0.9856149
-3.932556,17.46959,1.279817,0.02525293,0.122284,0.1138959,0.9856149
-3.935103,17.47446,1.273756,0.02537138,0.1221447,0.1131492,0.985715
-3.936028,17.4768,1.269911,0.0254592,0.1219993,0.1125651,0.9857977
-3.936028,17.4768,1.269911,0.0254592,0.1219993,0.1125651,0.9857977
-3.937541,17.49234,1.26358,0.02551531,0.122091,0.1122539,0.9858204
-3.937541,17.49234,1.26358,0.02551531,0.122091,0.1122539,0.9858204
-3.936084,17.50752,1.257042,0.02578428,0.1221684,0.1119643,0.9858367
-3.936084,17.50752,1.257042,0.02578428,0.1221684,0.1119643,0.9858367
-3.931988,17.51206,1.251553,0.02581439,0.1219557,0.1119863,0.9858599
-3.931988,17.51206,1.251553,0.02581439,0.1219557,0.1119863,0.9858599
-3.922964,17.51732,1.246862,0.02546506,0.1217548,0.1124105,0.9858454
-3.914259,17.52786,1.249126,0.02522822,0.1216629,0.11203,0.9859062
-3.914259,17.52786,1.249126,0.02522822,0.1216629,0.11203,0.9859062
-3.897919,17.53523,1.248109,0.02504187,0.1217572,0.1117664,0.9859292
-3.897919,17.53523,1.248109,0.02504187,0.1217572,0.1117664,0.9859292
-3.897919,17.53523,1.248109,0.02504187,0.1217572,0.1117664,0.9859292
-3.879359,17.54444,1.243661,0.0258487,0.1223058,0.1105485,0.9859778
-3.871963,17.55145,1.236885,0.02634151,0.122654,0.1099417,0.9859893
-3.871963,17.55145,1.236885,0.02634151,0.122654,0.1099417,0.9859893
